Project,Partner
MOL Szank field CO2 EOR,MOL Group
Sleipner,Equinor
Sleipner,Eni
Acorn CCS phase 2,Storegga
Acorn CCS phase 2,Shell
Acorn CCS phase 2,Harbour Energy
Acorn CCS phase 2,North Sea Midstream partners
OCAP,OCAP
Snohvit CO2 capture and storage,Equinor
Snohvit CO2 capture and storage,Petoro
Snohvit CO2 capture and storage,TotalEnergies
Snohvit CO2 capture and storage,Eni
Snohvit CO2 capture and storage,Harbour Energy
Climeworks Orca,Climeworks
Climeworks Orca,CarbFix
Altera Stella Maris CCS Project Phase 2,Altera
Altera Stella Maris CCS Project Phase 2,Hoegh LNG
Altera Stella Maris CCS Project Phase 2,Sevan SSP
Altera Stella Maris CCS Project Phase 2,Harbour Energy
Climeworks Mammoth Project phase 1,Climeworks
Climeworks Mammoth Project phase 1,CarbFix
Northern Lights Phase 1,Shell
Northern Lights Phase 1,TotalEnergies
Northern Lights Phase 1,Equinor
Heidelberg Materials Brevik cement,Heidelberg Materials
Heidelberg Materials Brevik cement,Aker
Heidelberg Materials LEILAC 2,Heidelberg Materials
Heidelberg Materials LEILAC 2,Calix
Climeworks Mammoth Project phase 2,Climeworks
Climeworks Mammoth Project phase 2,CarbFix
Air Products for Exxonmobil Botlek Rotterdam refinery,ExxonMobil
Air Products for Exxonmobil Botlek Rotterdam refinery,Air Products
Barents Blue ammonia project Train 2,Horisont Energi
Barents Blue ammonia project Train 3,Horisont Energi
Porthos onshore transport,Energie Beheer Nederland
Porthos onshore transport,Gasunie
Porthos onshore transport,Port of Rotterdam
Amager Bakke/Amager Resource Centre (ARC),ARC
Amager Bakke/Amager Resource Centre (ARC),Babcock & Wilcox
Amager Bakke/Amager Resource Centre (ARC),Copenhagen Port
Borregaard / SAE (Borg CO2) (2 facilities),Borg Havn
Borregaard / SAE (Borg CO2) (2 facilities),Borregaard
Energean CO2 storage and hydrogen plant,Energean
Carbon2ProductAustria (C2PAT) - Lafarge Mannersdorf,Holcim Group
Carbon2ProductAustria (C2PAT) - Lafarge Mannersdorf,OMV
Carbon2ProductAustria (C2PAT) - Lafarge Mannersdorf,Verbund
Carbon2ProductAustria (C2PAT) - Lafarge Mannersdorf,OMV
Porthos offshore transport and storage,Energie Beheer Nederland
Porthos offshore transport and storage,Gasunie
Porthos offshore transport and storage,Port of Rotterdam
CinfraCap (Carbon Infrastructure Capture) - Port of Gothenburg,Nordion Energi
CinfraCap (Carbon Infrastructure Capture) - Port of Gothenburg,Göteborg Energi
CinfraCap (Carbon Infrastructure Capture) - Port of Gothenburg,Renova
CinfraCap (Carbon Infrastructure Capture) - Port of Gothenburg,Gothenburg Port Authority
CinfraCap (Carbon Infrastructure Capture) - Port of Gothenburg,Preem
CinfraCap (Carbon Infrastructure Capture) - Port of Gothenburg,St1.
Future Biogas plants phase 1,Future Biogas
Climeworks Norsk e fuel phase 1,Sunfire
Climeworks Norsk e fuel phase 1,Climeworks
Climeworks Norsk e fuel phase 1,Paul Wurth SA
Climeworks Norsk e fuel phase 1,Valinor
Climeworks Norsk e fuel phase 2,Sunfire
Climeworks Norsk e fuel phase 2,Climeworks
Climeworks Norsk e fuel phase 2,Paul Wurth SA
Climeworks Norsk e fuel phase 2,Valinor
Climeworks Norsk e fuel phase 3,Sunfire
Climeworks Norsk e fuel phase 3,Climeworks
Climeworks Norsk e fuel phase 3,Paul Wurth SA
Climeworks Norsk e fuel phase 3,Valinor
CO2 TO METHANOL Finnfjord Ferrosilicon,Statkraft
CO2 TO METHANOL Finnfjord Ferrosilicon,Carbon Recycling International
Stockholm Exergi Värtan CHP CCS (BECCS@STHLM),Stockolm Exergi
Stockholm Exergi Värtan CHP CCS (BECCS@STHLM),Capsol
Lyse Forus Energigjenvinning Stavanger ,Lyse
Lyse Forus Energigjenvinning Stavanger ,Forus Energi
Lyse Forus Energigjenvinning Stavanger ,Aker
Coda terminal phase 3,CarbFix
Coda terminal phase 3,Dan-unity CO2
Yara Sluiskil fertiliser,Yara
Shell Netherlands Refineries heavy residue gasification CCS,Shell
D'Artagnan Dunkirk CO2 Hub Phase 2,ArcelorMittal
D'Artagnan Dunkirk CO2 Hub Phase 2,Port of Dunkerque
D'Artagnan Dunkirk CO2 Hub Phase 2,Chaux et Dolomines du boulonnais
D'Artagnan Dunkirk CO2 Hub Phase 2,Verdalis
D'Artagnan Dunkirk CO2 Hub Phase 2,Air Liquide
D'Artagnan Dunkirk CO2 Hub Phase 3,ArcelorMittal
D'Artagnan Dunkirk CO2 Hub Phase 3,Port of Dunkerque
D'Artagnan Dunkirk CO2 Hub Phase 3,Chaux et Dolomines du boulonnais
D'Artagnan Dunkirk CO2 Hub Phase 3,Verdalis
D'Artagnan Dunkirk CO2 Hub Phase 3,Air Liquide
Preem CCS at Lysekil refinery,Preem
Preem CCS at Lysekil refinery,Aker
Preem CCS at Lysekil refinery,Equinor
Air Liquide hydrogen facility Rotterdam,Air Liquide
Redcar Energy Centre EfW,Redcar Energy
Greensand Future phase 1,INEOS
Greensand Future phase 1,Harbour Energy
Greensand Future phase 1,Welltec
Greensand Future phase 1,Aquaterra Energy
Greensand Future phase 1,Royal Wagenborg
Asnæs Power Station,Orsted
Asnæs Power Station,Aker
Asnæs Power Station,NCC
Vestforbrænding's Ejby Glostrup incineration plant,Vestforbrænding
Vestforbrænding's Ejby Glostrup incineration plant,Technip
Vestforbrænding's Ejby Glostrup incineration plant,Copenhagen Infrastructure Partners
Viridor Runcorn CCS project,Viridor
Wilhelmshaven Energy Hub BlueHyNow,Harbour Energy
Avedøre Power Station CCS,Orsted
Avedøre Power Station CCS,Aker
Removr Carbfix Polar plant phase 1,Removr
Removr Carbfix Polar plant phase 1,CarbFix
Hover cement works Hannover phase 1,Holcim Group
Hover cement works Hannover phase 1,Cool Planet Technologies
Frevar KF / Kvitebjorn BIO-EL (Borg CO2) (2 facilities),Borg Havn
Frevar KF / Kvitebjorn BIO-EL (Borg CO2) (2 facilities),Kvitebjørn Bio-El
Frevar KF / Kvitebjorn BIO-EL (Borg CO2) (2 facilities),FREVAR
Grain CCGT power station,Synergia Energy
Grain CCGT power station,Technip
Grain CCGT power station,Aker
Grain CCGT power station,Oilex
Tees Valley Energy Recovery Facility (TVERF),Hartlepool Borough Council
H21 Leeds City Gate - Teesside hydrogen,Northern Gas Networks
KVA Linth Waste-to-Energy Niederurnen,KVA Linth
KVA Linth Waste-to-Energy Niederurnen,VBSA
KVA Linth Waste-to-Energy Niederurnen,Capsol
Gassum storage/Fyrkat network (Norne carbon storage hub),Fidelis new energy
Gassum storage/Fyrkat network (Norne carbon storage hub),Gas Storage Denmark
Gassum storage/Fyrkat network (Norne carbon storage hub),Capio Danmark
Gassum storage/Fyrkat network (Norne carbon storage hub),Ross Energy
Port of Aalborg terminal and pipeline to Fyrkat (Norne carbon storage hub),Fidelis new energy
Port of Aalborg terminal and pipeline to Fyrkat (Norne carbon storage hub),Gas Storage Denmark
Port of Aalborg terminal and pipeline to Fyrkat (Norne carbon storage hub),Capio Danmark
Port of Aalborg terminal and pipeline to Fyrkat (Norne carbon storage hub),KBR
Port of Kalundborg terminal and pipeline to Trelleborg phase 1 (Norne carbon storage hub),Fidelis new energy
Port of Kalundborg terminal and pipeline to Trelleborg phase 1 (Norne carbon storage hub),Gas Storage Denmark
Port of Kalundborg terminal and pipeline to Trelleborg phase 1 (Norne carbon storage hub),Capio Danmark
Prinos CCS phase 1,Energean
Prinos sigma plant,Energean
Danube Removals,emov
Danube Removals,Danubeenergy ventures
Danube Removals,ClonBio Group
Carbon2Business Laegerdorf,Holcim Group
Carbon2Business Laegerdorf,Hyscale100 consortium
Stenlille project (CO2RYLUS),Gas Storage Denmark
Sundsvall Korsta plant CCS,Liquid Wind
Sundsvall Korsta plant CCS,Sundsvall Energi
Hydrogen to Humber (H2H) Saltend phase 1,Equinor
Hydrogen to Humber (H2H) Saltend phase 1,SSE
Hydrogen to Humber (H2H) Saltend phase 1,Linde
Hydrogen to Humber (H2H) Saltend phase 1,Linde
Hydrogen to Humber (H2H) Saltend phase 1,Johnson Matthey
Umea Dava plant CCS,Liquid Wind
Umea Dava plant CCS,Umea Energi
BioCirc biogas plant,BioCirc CO2 ApS
Sisak biorefinery project,INA
Carbon Connect Delta ,Smart Delta Resources
Carbon Connect Delta ,North Sea Port
Carbon Connect Delta ,ArcelorMittal
Carbon Connect Delta ,Dow
Carbon Connect Delta ,PZEM
Carbon Connect Delta ,Yara and Zeeland Refinery
Carbon Connect Delta ,Gasunie and Fluxys
A2X's CCS Esbjerg ( Carbon captured from Energnist Incineration Plant in Esbjerg),A2X
A2X's CCS Esbjerg ( Carbon captured from Energnist Incineration Plant in Esbjerg),SubC Partner
A2X's CCS Esbjerg ( Carbon captured from Energnist Incineration Plant in Esbjerg),Juel+Krøyer and HYTOR Group
Olea Phase 1,EnEarth
Olea Phase 1,RepAir
Oak CCS (RepAir Carbon- C-Questra) Phase 1,RepAir
Oak CCS (RepAir Carbon- C-Questra) Phase 1,C-Questra
LIPOR Maia Energy Recovery Plant PtL facility,LIPOR
LIPOR Maia Energy Recovery Plant PtL facility,P2X Europe
LIPOR Maia Energy Recovery Plant PtL facility,Veolia
Antwerp@ C CO2 Export Hub phase 1,Air Liquide
Antwerp@ C CO2 Export Hub phase 1,BASF
Antwerp@ C CO2 Export Hub phase 1,OMV
Antwerp@ C CO2 Export Hub phase 1,ExxonMobil
Antwerp@ C CO2 Export Hub phase 1,INEOS
Antwerp@ C CO2 Export Hub phase 1,TotalEnergies
Antwerp@ C CO2 Export Hub phase 1,Fluxys
Antwerp@ C CO2 Export Hub phase 1,Port of Antwerp
D'Artagnan Dunkirk CO2 Hub Phase 1,ArcelorMittal
D'Artagnan Dunkirk CO2 Hub Phase 1,Port of Dunkerque
D'Artagnan Dunkirk CO2 Hub Phase 1,Chaux et Dolomines du boulonnais
D'Artagnan Dunkirk CO2 Hub Phase 1,Verdalis
D'Artagnan Dunkirk CO2 Hub Phase 1,Air Liquide
Delta Rhyne Corridor ,0
Drax BECCS Project (Phase 1),Drax
Drax BECCS Project (Phase 1),Worley
Drax BECCS Project (Phase 1),Mistubishi Heavy Industries
BP H2Teesside Phase 1,Technip
BP H2Teesside Phase 1,Costain
BP H2Teesside Phase 1,BP
BP H2Teesside Phase 1,ADNOC
Norske Skog Saugbrugs (Borg CO2),Borg Havn
Norske Skog Saugbrugs (Borg CO2),Norske Skog Saugbrugs
Kairos@C,Air Liquide
Kairos@C,BASF
ECO2CEE (Poland EU CCS Interconnector) phase 1,Air Liquide
ECO2CEE (Poland EU CCS Interconnector) phase 1,ORLEN
ECO2CEE (Poland EU CCS Interconnector) phase 1,Holcim Group
ECO2CEE (Poland EU CCS Interconnector) phase 1,ORLEN
Shell Netherlands Refineries heavy residue gasification CCU,Shell
Shell Uniper Humber Hub Blue North Killingholme,Shell
Shell Uniper Humber Hub Blue North Killingholme,Uniper
HyNet Hydrogen Production Project (HPP) Plant 1 (Hynet phase 1),EET Hydrogen
HyNet Hydrogen Production Project (HPP) Plant 1 (Hynet phase 1),ENKA
Suez Tees Valley / Haverton Hill Waste to Energy CCS,Suez
Suez Tees Valley / Haverton Hill Waste to Energy CCS,Fluor
Viking CCS Phase 1,Harbour Energy
Viking CCS Phase 1,BP
Viking CCS Phase 1,Kent
Viking CCS Phase 1,Technip
VPI Immingham CHP plant CCS,VPI
ECO2CEE (previously Poland EU CCS Interconnector) phase 2,Air Liquide
ECO2CEE (previously Poland EU CCS Interconnector) phase 2,ORLEN
ECO2CEE (previously Poland EU CCS Interconnector) phase 2,Holcim Group
ECO2CEE (previously Poland EU CCS Interconnector) phase 2,ORLEN
Ghent Carbon Hub,Fluxys
Ghent Carbon Hub,ArcelorMittal
Ghent Carbon Hub,North Sea Port
Go4ECOPLANET Kujawy,Holcim Group
Go4ECOPLANET Kujawy,Air Liquide
Go4ECOPLANET Kujawy,Protech
Prinos CCS phase 2,Energean
Kutina Petrokemija ammonia (ICORD project?),INA
Kutina Petrokemija ammonia (ICORD project?),MOL Group
Plock plant,ORLEN
Acorn CCS phase 1-Capture at St Fergus,Storegga
Acorn CCS phase 1-Capture at St Fergus,Shell
Acorn CCS phase 1-Capture at St Fergus,Harbour Energy
Acorn CCS phase 1-Capture at St Fergus,North Sea Midstream partners
Acorn CCS phase 1-T&S,Storegga
Acorn CCS phase 1-T&S,Shell
Acorn CCS phase 1-T&S,Harbour Energy
Acorn CCS phase 1-T&S,North Sea Midstream partners
Acorn H2,Storegga
Acorn H2,Chrysaor
Acorn H2,Shell
Northern Lights Phase 2,Shell
Northern Lights Phase 2,TotalEnergies
Northern Lights Phase 2,Equinor
Caledonia Clean Energy (previously Captain Clean Energy),Summit Power
Coda terminal Phase 1,CarbFix
Coda terminal Phase 1,Dan-unity CO2
Future Biogas plants phase 2,Future Biogas
H2NorthEast Phase 1,Kellas Midstream
H2NorthEast Phase 1,SSE
H2NorthEast Phase 1,Worley
K6 Program- Lumbres cement plant,Eqiom
K6 Program- Lumbres cement plant,Air Liquide
K6 Program- Lumbres cement plant,France Industries
K6 Program- Lumbres cement plant,VDZ
Keadby 3 Carbon Capture Power Station,SSE
Keadby 3 Carbon Capture Power Station,Equinor
Keadby 3 Carbon Capture Power Station,Aker
Keadby 3 Carbon Capture Power Station,Siemens Energy
Keadby 3 Carbon Capture Power Station,Doosan Babcock; Fugro
CalCC Lhoist Air Liquide Lime plant Rety,Air Liquide
CalCC Lhoist Air Liquide Lime plant Rety,Lhoist
Hynet North West (Liverpool Bay CO2 storage) phase 1,Eni
Hynet North West (Liverpool Bay CO2 storage) phase 1,Halliburton
Net Zero Teesside Power,BP
Net Zero Teesside Power,Equinor
Net Zero Teesside Power,Shell
Northern Endurance Partnership phase 1,BP
Northern Endurance Partnership phase 1,Equinor
Northern Endurance Partnership phase 1,TotalEnergies
Northern Endurance Partnership phase 1,Worley
Northern Endurance Partnership phase 1,Costain
Hanson Padeswood Cement Works CCS,Heidelberg Materials
Hanson Padeswood Cement Works CCS,Hanson
Hanson Padeswood Cement Works CCS,Mistubishi Heavy Industries
Hanson Padeswood Cement Works CCS,Worley
Phillips 66 Humber refinery,Phillips 66
Phillips 66 Humber refinery,Babcock & Wilcox
Polaris offshore storage facility,Horisont Energi
Polaris offshore storage facility,PGNiG Upstream Norway
Prax Lindsey Oil Refinery Phase 1,Prax
Ravenna CCS phase 2,Eni
Ravenna CCS phase 2,Snam
Växjö Energi CHP CCS Sandviksverket,Växjö Energi
CO2nnectNow HES Wilhelmshaven Tank Terminal phase 1,Harbour Energy
Hover cement works Hannover phase 2,Holcim Group
Hover cement works Hannover phase 2,Cool Planet Technologies
GO4ZERO Oburg,Holcim Group
GO4ZERO Oburg,TotalEnergies
GO4ZERO Oburg,Air Liquide
ANRAV-CCUS (Devnya plant),Heidelberg Materials
ANRAV-CCUS (Devnya plant),Petroceltic
Industrial Carbon Capture (ICC) Stanlow,Essar Energy Transition
Industrial Carbon Capture (ICC) Stanlow,Kent
Industrial Carbon Capture (ICC) Stanlow,Mistubishi Heavy Industries
Industrial Carbon Capture (ICC) Stanlow,Topsoe
ECO2Normandy phase 1,Air Liquide
ECO2Normandy phase 1,OMV
ECO2Normandy phase 1,Esso
ECO2Normandy phase 1,TotalEnergies
ECO2Normandy phase 1,Yara
Northern Endurance Partnership phase 2,BP
Northern Endurance Partnership phase 2,Equinor
Northern Endurance Partnership phase 2,TotalEnergies
KOdeCO project,Holcim Group
KOdeCO project,Air Liquide
Northern Endurance Partnership phase 3,BP
Northern Endurance Partnership phase 3,Equinor
Northern Endurance Partnership phase 3,TotalEnergies
Arcelor LanzaTech Carbalyst (Steelanol) Ghent,ArcelorMittal
Arcelor LanzaTech Carbalyst (Steelanol) Ghent,LanzaTech
Arcelor LanzaTech Carbalyst (Steelanol) Ghent,Primetals Technologies
Arcelor LanzaTech Carbalyst (Steelanol) Ghent,E4tech
Centrica Equinor hydrogen hub Easington collaboration,Centrica
Centrica Equinor hydrogen hub Easington collaboration,Equinor
Pembroke Net Zero Centre (PNZC),RWE
German carbon transport grid,Open Grid Europe
German carbon transport grid,TES
Removr Carbfix Polar plant phase 2,Removr
Removr Carbfix Polar plant phase 2,CarbFix
"CO2T (formerly known as NOR-GE, Windershall DEA - Equinor pipeine)",Gassco
"CO2T (formerly known as NOR-GE, Windershall DEA - Equinor pipeine)",Equinor
"CO2T (formerly known as NOR-GE, Windershall DEA - Equinor pipeine)",Harbour Energy
"CO2T (formerly known as NOR-GE, Windershall DEA - Equinor pipeine)",Northern Lights
"CO2T (formerly known as NOR-GE, Windershall DEA - Equinor pipeine)",TotalEnergies
"CO2T (formerly known as NOR-GE, Windershall DEA - Equinor pipeine)",Aker
"CO2T (formerly known as NOR-GE, Windershall DEA - Equinor pipeine)",Vår Energi
"CO2T (formerly known as NOR-GE, Windershall DEA - Equinor pipeine)",Shell
HyNet Hydrogen Production Project (HPP) Plant 2 (Hynet phase 2),EET Hydrogen
HyNet Hydrogen Production Project (HPP) Plant 2 (Hynet phase 2),ENKA
Gismarvik CO2 hub,Horisont Energi
Gismarvik CO2 hub,EON
CO2NEXT terminal phase 1,Vopak
CO2NEXT terminal phase 1,Gasunie
Carbon Clean CEMEX Rudersdorf plant phase 1,CEMEX
Carbon Clean CEMEX Rudersdorf plant phase 1,carbon clean
Carbon Clean CEMEX Rudersdorf plant phase 1,KBR
Lighthouse Green Fuels,Alfanar
CO2NTESSA,Nexe Group
CO2NTESSA,ThyssenKrupp Group
CO2NTESSA,Nasice cement
Protos CO2 network phase 1,Peel NRE
Protos CO2 network phase 1,Progressive Energy
Protos CO2 network phase 2,Peel NRE
Protos CO2 network phase 2,Progressive Energy
GRTGaz CO2 backbone,GRT Gaz
AEB Amsterdam,AEB Amsterdam
Prinos DAC hub,RepAir
Prinos DAC hub,EnEarth
Onyx plant - Port of Rotterdam,Onyx Power
Hynovi project (Vicat Montalieu plant),Vicat
Project Air Perstorp Oxo capture,Perstorp Oxo AB
Project Air Perstorp Oxo capture,Fortum
Project Air Perstorp Oxo capture,Sydkraft AB
Project Air Perstorp Oxo capture,Uniper
Project Air Perstorp Oxo capture,Sunfire
Project Air Perstorp Oxo capture,Johnson Matthey
Hyskies Vattenfall CHP Lanzatech,Vattenfall
Hyskies Vattenfall CHP Lanzatech,SAS
Hyskies Vattenfall CHP Lanzatech,LanzaTech
CalCC(Lhoist France’s Réty lime plant CCS),Lhoist
CalCC(Lhoist France’s Réty lime plant CCS),Air Liquide
CalCC(Lhoist France’s Réty lime plant CCS),Dunkerque LNG
CalCC(Lhoist France’s Réty lime plant CCS),Eqiom
CalCC(Lhoist France’s Réty lime plant CCS),RTE
Medway CCGT power station,Oilex
Aramis CCS transport phase 1,TotalEnergies
Aramis CCS transport phase 1,Shell
Aramis CCS transport phase 1,EBN
Aramis CCS transport phase 1,Gasunie
Damhead Creek CCGT power station,Oilex
Medway Hub CCS,Synergia Energy
Grandpuits biorefinery,Air Liquide
Grandpuits biorefinery,TotalEnergies
Arcelor Mittal Air Liquide Low-carbon steel (phase 2?),0
Energy Recovery Facility Edmonton EcoPark,North London Waste Authority
Aramis CCS storage phase 1,TotalEnergies
Aramis CCS storage phase 1,Shell
Aramis CCS storage phase 1,EBN
Aramis CCS storage phase 1,Gasunie
Aramis CCS storage phase 1,Petrofac
Cementa Slite plant,Heidelberg Materials
Cementa Slite plant,Cementa
Hydrogen 2 Magnum (H2M),Nuon
Hydrogen 2 Magnum (H2M),Equinor
Hydrogen 2 Magnum (H2M),Gasunie
Rohm chemical plant (x2),Rohm
Rohm chemical plant (x2),Aker
Protos Energy Recovery Facility (ERF),Encyclis
Buxton Lime Net Zero,Tarmac
Buxton Lime Net Zero,SigmaRoc
L10 CCS,Eni
L10 CCS,EBN
L10 CCS,ExxonMobil
L10 CCS,Tenaz Energy
ZerCal250,Origin
ZerCal250,Singleton Birch
BIR Waste-to-Energy Bergen,BIR
BIR Waste-to-Energy Bergen,Aker
Hafslund Olso Celsio,Hafslund Oslo Celsio
Hafslund Olso Celsio,Aker
ECO2CEE (previously Poland EU CCS Interconnector) phase 3,Air Liquide
ECO2CEE (previously Poland EU CCS Interconnector) phase 3,ORLEN
ECO2CEE (previously Poland EU CCS Interconnector) phase 3,Holcim Group
ECO2CEE (previously Poland EU CCS Interconnector) phase 3,ORLEN
H2GE Rostock,Equinor
H2GE Rostock,VNG
ECO2Normandy phase 2,Air Liquide
ECO2Normandy phase 2,OMV
ECO2Normandy phase 2,Esso
ECO2Normandy phase 2,TotalEnergies
ECO2Normandy phase 2,Yara
ECO2Normandy phase 3,Air Liquide
ECO2Normandy phase 3,OMV
ECO2Normandy phase 3,Esso
ECO2Normandy phase 3,TotalEnergies
ECO2Normandy phase 3,Yara
Ince Bioenergy Carbon Capture and Storage (InBECCS) scaleup,Bioenergy Infrastructure Group
Ince Bioenergy Carbon Capture and Storage (InBECCS) scaleup,Peel NRE
Ince Bioenergy Carbon Capture and Storage (InBECCS) scaleup,Mistubishi Heavy Industries
Callisto Mediterranean CO2 Network phase 2,Air Liquide
Callisto Mediterranean CO2 Network phase 2,Eni
Callisto Mediterranean CO2 Network phase 2,Snam
C Zero phase 1,Air Liquide
C Zero phase 1,Lhoist
C Zero phase 1,Duisport
C Zero phase 2,Air Liquide
C Zero phase 2,Lhoist
C Zero phase 2,Duisport
C Zero phase 3,Air Liquide
C Zero phase 3,Lhoist
C Zero phase 3,Duisport
Callisto Mediterranean CO2 Network phase 1,Air Liquide
Callisto Mediterranean CO2 Network phase 1,Eni
Callisto Mediterranean CO2 Network phase 1,Snam
OLYMPUS Holcim Milaki,Holcim Group
OLYMPUS Holcim Milaki,Air Liquide
WH2V therminal (Wilhelshaven green energy hub phase 1),TES
Augusta C2 ,Buzzi Unicem Spa
"CO2 TransPorts phase 2 (cross-border pipeline, phase 1 is Porthos and Antwerp?)",Port of Rotterdam
"CO2 TransPorts phase 2 (cross-border pipeline, phase 1 is Porthos and Antwerp?)",Port of Antwerp
"CO2 TransPorts phase 2 (cross-border pipeline, phase 1 is Porthos and Antwerp?)",North Sea Port
"CO2 TransPorts phase 2 (cross-border pipeline, phase 1 is Porthos and Antwerp?)",Fluxys
"CO2 TransPorts phase 2 (cross-border pipeline, phase 1 is Porthos and Antwerp?)",Gasunie
Trudvang storage project (EXL007),Eni
Trudvang storage project (EXL007),Sval
Trudvang storage project (EXL007),Storegga
Trudvang storage project (EXL007),INPEX
UK Poseidon CCS project phase 1,Prenco UK
UK Poseidon CCS project phase 1,Carbon Catalyst Ltd
UK Poseidon CCS project phase 1,Harbour Energy
INNOZHERO Filbornaverket plant Helsingborg,Öresundskraft
INNOZHERO Filbornaverket plant Helsingborg,Capsol
GeZero carbon capture project (Geseke),Heidelberg Materials
GeZero carbon capture project (Geseke),Harbour Energy
Celsio CCS project terminal,Hafslund Oslo Celsio
Celsio CCS project terminal,Aker
Everest,Lhoist
Everest,Air Liquide
Motor Oil Hellas (Iris Project),Motor Oil
Equinor Smeaheia storage phase 2,Equinor
Ifestos Carbon Capture (Kamari plant),Titan Group
Sullom voe terminal and Shetland basin hub (SVT),Veri Energy
NL CCS Direct Injection Phase 1,Eni
NL CCS Direct Injection Phase 1,EBN
NL CCS Direct Injection Phase 1,OneDyas
Shetland Offshore power generation,Ocean-Power AS
Shetland Offshore power generation,Amplus Energy Services Limited
RWE Amer power plant (BECCUS project),RWE
"CCS Baltic Consortium, Klapeida terminal",Kalipedos Nafta AB
Geothermal CCS Croatia,Hydrocarbons Agency Croatia
PYCASSO hub phase 2 - northern and cross-border pipeline,Terega
PYCASSO hub phase 2 - northern and cross-border pipeline,Pole Avenia
PYCASSO hub phase 2 - northern and cross-border pipeline,Agglo Pau
PYCASSO hub phase 2 - northern and cross-border pipeline,Holcim Group
PYCASSO hub phase 2 - northern and cross-border pipeline,Université de Pau
PYCASSO hub phase 2 - northern and cross-border pipeline,BGRM
PYCASSO hub phase 2 - northern and cross-border pipeline,IFP Energies Nouvelles
PYCASSO hub phase 2 - northern and cross-border pipeline,Schlumberger
PYCASSO hub phase 2 - northern and cross-border pipeline,Repsol
PYCASSO hub phase 2 - northern and cross-border pipeline,CNAM
PYCASSO hub phase 2 - northern and cross-border pipeline,geostock
PYCASSO hub phase 2 - northern and cross-border pipeline,geopetrol
Buzzi Unicem Augusta cement plant,Buzzi Unicem Spa
Fjernvarme Fyn,Fjernvarme Fyn A/S
Aramis CCS storage phase 2,TotalEnergies
Aramis CCS storage phase 2,Shell
Aramis CCS storage phase 2,EBN
Aramis CCS storage phase 2,Gasunie
Barents Blue ammonia project Train 1,Horisont Energi
Soderenergi Igelsta plant,Soderenergi
Soderenergi Igelsta plant,Aker
Viking CCS Phase 3,Harbour Energy
Viking CCS Phase 3,BP
Viking CCS Phase 3,Technip
RWE CCGT Staythorpe,RWE
Borealis Antwerp CCS,OMV
Zutica and Ivanic grad EOR extension,INA/MOL
Coda terminal Phase 2,CarbFix
Coda terminal Phase 2,Dan-unity CO2
CORY EfW plant Belvedere,Cory
CORY EfW plant Belvedere,Shell
CORY EfW plant Belvedere,Technip
Drax BECCS Project (Phase 2),Drax
Drax BECCS Project (Phase 2),Worley
Drax BECCS Project (Phase 2),Mistubishi Heavy Industries
ENI Ravenna power plant ,Eni
ENI Venice bio-refinery Porto Marghera,Eni
Rezzato-Mazzano plant,Heidelberg Materials
Getica CCS - Turceni power plant,ISPE
Getica CCS - Turceni power plant,Alstom  Oltenia
Getica CCS - Turceni power plant,Transgaz
Ervia Cork CCS -  Aghada CCGT,Aghata
Ervia Cork CCS -  Aghada CCGT,Ervia Cork
Norvik Infrastructure CCS East (NICE),Ports of Stockhom
Norvik Infrastructure CCS East (NICE),Stockolm Exergi
Norvik Infrastructure CCS East (NICE),Mälarenergi
Norvik Infrastructure CCS East (NICE),Söderenergi
Norvik Infrastructure CCS East (NICE),Vattenfall
Norvik Infrastructure CCS East (NICE),Heidelberg Materials
Norvik Infrastructure CCS East (NICE),Nordkalk
Norvik Infrastructure CCS East (NICE),Plagazi
3D DMX ArcelorMittal and IFPEN Dunkirk 'REUZE',ArcelorMittal
3D DMX ArcelorMittal and IFPEN Dunkirk 'REUZE',Engie
3D DMX ArcelorMittal and IFPEN Dunkirk 'REUZE',Infinium
e-Alto,Velocys
e-Alto,Clariant Catalysts
e-Alto,Technip
e-Alto,British Airways
Twence Hengelo facility,Twence
Twence Hengelo facility,Aker
Fluxys Tournai-Zeebrugge,Fluxys
Fluxys Tournai-Zeebrugge,Heidelberg Materials
Ervia Cork CCS - Irving refinery,Irving Oil
Ervia Cork CCS - Irving refinery,Ervia Cork
STARFISH project (Havstjerne CO2 storage/Altera Stella Maris CCS Project Phase 1),Altera
STARFISH project (Havstjerne CO2 storage/Altera Stella Maris CCS Project Phase 1),Harbour Energy
Ervia Cork CCS - Whitegate CCGT,Whitegate
Ervia Cork CCS - Whitegate CCGT,Ervia Cork
Navigator Terminal train,Enfinium
Navigator Terminal train,Navigator Holdings
Navigator Terminal train,Bechtel
Poseidon CO2 storage,Aker
Poseidon CO2 storage,OMV
Fortum waste solutions Nyborg,Fortum
Fortum waste solutions Nyborg,Aker
Exxonmobil Antwerp Refinery CCS,ExxonMobil
Project Ruby (Rodby) phase 2,CarbonCuts
Project Ruby (Rodby) phase 2,Bluenord
H2BE,Equinor
H2BE,Engie
H2NorthEast Phase 2,Kellas Midstream
H2NorthEast Phase 2,SSE
BP H2Teesside Phase 2,BP
BP H2Teesside Phase 2,ADNOC
Aluminium Dunkerque feasibility study,EDF
Aluminium Dunkerque feasibility study,Aluminium Dunkerque
Aluminium Dunkerque feasibility study,Trimet
Aluminium Dunkerque feasibility study,Rio Tinto
Aluminium Dunkerque feasibility study,Fives
Hydrogen to Humber (H2H) Saltend phase 2,Equinor
Hydrogen to Humber (H2H) Saltend phase 2,SSE
H-vision plant 1,BP
Ineos Antwerp CCS,INEOS
INEOS Grangemouth refinery and hydrogen production,INEOS
INEOS Grangemouth refinery and hydrogen production,Petroineos
Hynet North West (Liverpool Bay CO2 storage) phase 2,Eni
Hynet North West (Liverpool Bay CO2 storage) phase 2,Halliburton
UK Poseidon CCS project phase 2,Prenco UK
UK Poseidon CCS project phase 2,Carbon Catalyst Ltd
UK Poseidon CCS project phase 2,Harbour Energy
UK Poseidon CCS project phase 3,Prenco UK
UK Poseidon CCS project phase 3,Carbon Catalyst Ltd
UK Poseidon CCS project phase 3,Harbour Energy
Enquest CCS Project ,Enquest CCS Ltd
Orion CCS Project Phase 1,Prenco UK
Orion CCS Project Phase 1,Carbon Catalyst Ltd
Orion CCS Project Phase 1,Summit Energy Evolution Limited
Orion CCS Project Phase 2,Prenco UK
Orion CCS Project Phase 2,Carbon Catalyst Ltd
Orion CCS Project Phase 2,Summit Energy Evolution Limited
Peterhead Carbon Capture Power Station,SSE
Peterhead Carbon Capture Power Station,Equinor
Project Tellus - CS021 (Area 5),Eni
Project Tellus - CS021 (Area 5),EEPUKL
Project Tellus - CS022 (Area 7),Eni
Humberside CCS with Shell and Esso,Shell
Humberside CCS with Shell and Esso,Esso
Parc Adfer CCS ,Enfinium
The Bluestreak CO2 Joint Venture,Navigator Holdings
The Bluestreak CO2 Joint Venture,Bumi Armada Berhad
Prax Lindsey Oil Refinery Phase 2,Prax
Project Bifrost Phase 1,Danish Underground Consortium
Project Bifrost Phase 1,Orsted
Project Bifrost Phase 1,TU Denmark
CO-Creator Pilot Startup program DACCS,COWI
CO-Creator Pilot Startup program DACCS,Removr
Waste-to-energy Aker Carbon Capture (unknown facility),Aker
Nordbex Aker feasibility study,Aker
Nordbex Aker feasibility study,Nordbex AB
Project Greensand phase 2,INEOS
Project Greensand phase 2,Harbour Energy
Project Greensand phase 2,Welltec
CO2NEXT terminal phase 2,Vopak
CO2NEXT terminal phase 2,Gasunie
Limeco Waste-to-Energy Dietikon,Limeco
Limeco Waste-to-Energy Dietikon,Aker
PYCASSO hub phase 1 - eastern and western pipeline,Terega
PYCASSO hub phase 1 - eastern and western pipeline,Pole Avenia
PYCASSO hub phase 1 - eastern and western pipeline,Agglo Pau
PYCASSO hub phase 1 - eastern and western pipeline,Holcim Group
PYCASSO hub phase 1 - eastern and western pipeline,Université de Pau
PYCASSO hub phase 1 - eastern and western pipeline,BGRM
PYCASSO hub phase 1 - eastern and western pipeline,IFP Energies Nouvelles
PYCASSO hub phase 1 - eastern and western pipeline,Schlumberger
PYCASSO hub phase 1 - eastern and western pipeline,Repsol
PYCASSO hub phase 1 - eastern and western pipeline,CNAM
PYCASSO hub phase 1 - eastern and western pipeline,geostock
PYCASSO hub phase 1 - eastern and western pipeline,geopetrol
FlagshipTWO Sundsvall Korsta plant,Liquid Wind
FlagshipTWO Sundsvall Korsta plant,Sundsvall Energi
Gonfreville Raffinerie,TotalEnergies
Gonfreville Raffinerie,Air Liquide
FlagshipTHREE Umea Dava plant,Liquid Wind
FlagshipTHREE Umea Dava plant,Umea Energi
Viking CCS Phase 2,Harbour Energy
Viking CCS Phase 2,BP
Viking CCS Phase 2,Technip
Waste to energy CCU to TES Wilhemshaven (unknown facility),Aker
Waste to energy CCU to TES Wilhemshaven (unknown facility),TES
Sizewell C nuclear-powered DAC Full-scale,Sizewell C
Sizewell C nuclear-powered DAC Full-scale,Nottingham University
Sizewell C nuclear-powered DAC Full-scale,Strata Technology
Sizewell C nuclear-powered DAC Full-scale,Atkins and Doosan Babcock
Fife ethylene plant,ExxonMobil
Acorn Isle of Grain to Peterhead shipping,Acorn
Acorn Isle of Grain to Peterhead shipping,Uniper
Tarastenjärvi power (Tampere),RenGas
Tarastenjärvi power (Tampere),Tampereen Energia
Kymijärvi power (Lahti),RenGas
Kymijärvi power (Lahti),Lahti Energia
Kotka power (Kotka),RenGas
Kotka power (Kotka),Kotkan Energia
Aittaluoto power (Pori),RenGas
Aittaluoto power (Pori),Pori Energia
Hynet Northwest phase 3,Hynet consortium
Bacton Thames Net Zero,Eni
Hynovera,HY2GEN
Hynovera,Gazel Energie
Luna storage,TotalEnergies
Thorning storage,Norne Thorning Storage ApS
Cemex Rudersdorf CO2llect,CEMEX
Cemex Rudersdorf CO2llect,Linde
Antwerp@C CO2 Export Hub phase 2,Air Liquide
Antwerp@C CO2 Export Hub phase 2,BASF
Antwerp@C CO2 Export Hub phase 2,OMV
Antwerp@C CO2 Export Hub phase 2,ExxonMobil
Antwerp@C CO2 Export Hub phase 2,INEOS
Antwerp@C CO2 Export Hub phase 2,TotalEnergies
Antwerp@C CO2 Export Hub phase 2,Fluxys
Antwerp@C CO2 Export Hub phase 2,Port of Antwerp
Equinor Mongstad refinery,Equinor
Equinor Mongstad refinery,Aker
Gärstaverket plant Linkoping,Teniska Verken
Gärstaverket plant Linkoping,Capsol
Morecambe Net Zero Cluster,Spirit Energy
Veolia EfW to fuels,Veolia
Heidelberg Materials CBR Antoing Cement Plant (Anthemis),Heidelberg Materials
Ecapt-Rhone LeTeil,Elyse Energy
Ecapt-Rhone LeTeil,Holcim Group
Ecapt-Rhone LeTeil,Air Liquide
EU2NSEA PCI Project,Equinor
Aker Carbon Capture WtE e-fuels,Aker
Aker Carbon Capture WtE e-fuels,unknown company
Aker Carbon Capture Biomass CHP (unknown facility),Aker
Aker Carbon Capture Biomass CHP (unknown facility),unknown company
Aker Carbon Capture Swedish energy company (unknown),Aker
Aker Carbon Capture Swedish energy company (unknown),unknown company
Aker Carbon Capture waste to energy Northern Europe (unknown facility),Aker
Aker Carbon Capture waste to energy Northern Europe (unknown facility),unknown company
Havnso storage/Trelleborg network (Norne carbon storage hub),Fidelis new energy
Havnso storage/Trelleborg network (Norne carbon storage hub),Gas Storage Denmark
Havnso storage/Trelleborg network (Norne carbon storage hub),Capio Danmark
Havnso storage/Trelleborg network (Norne carbon storage hub),Ross Energy
Emerge CCS,Uniper
Emerge CCS,Fortum
North Lincolnshire NLGEP,Solar 21 Renewable Energy Limited
Altalto,Altalto Immingham Limited
Seal Sands TGEPL,solar 21 Renewable Energy Limited
Saint-Gobain glass,Saint-gobain glass
Port of Kalundborg terminal and pipeline to Trelleborg phase 2 (Norne carbon storage hub),Fidelis new energy
Port of Kalundborg terminal and pipeline to Trelleborg phase 2 (Norne carbon storage hub),Gas Storage Denmark
Port of Kalundborg terminal and pipeline to Trelleborg phase 2 (Norne carbon storage hub),Capio Danmark
North Sea CO2 corridor,Harbour Energy
North Sea CO2 corridor,Fluxys
North Sea CO2 corridor,Open Grid Europe
RWE Eemshaven power plant (BECCUS project),RWE
Kalundborg refinery project,Kalundborg
Kalundborg refinery project,Aker
ACCSION Aalborg Portland,Aalborg Portland
ACCSION Aalborg Portland,Air Liquide
ARGO waste-to-energy plant,ARGO
BIOFOS Carbon Capture Project ,BIOFOS
Peak cluster transport,Progressive Energy
Peak cluster transport,Breedon group
Ferrybridge EfW,Enfinium
Ferrybridge EfW,Navigator Holdings
Ferrybridge EfW,Bechtel
Project Ruby (Rodby) phase 1,CarbonCuts
Project Ruby (Rodby) phase 1,Bluenord
RWE CCGT Stallingborough,RWE
RWE CCGT Stallingborough,Technip
Beremend cement factory,Heidelberg Materials
H2-gateway,NHN
H2-gateway,Gasterra
H2-gateway,Gasunie
H2-gateway,Port den Helder
VISION 2025,HELLENiQ ENERGY - Helpe
ECOPLANTA (Tarragona),"ECOPLANTA MOLECULAR RECYCLING
SOLUTIONS S.L"
RWE CCGT Stallingborough,RWE
Equinor Smeaheia storage phase 1 (start up phase),Equinor
Capsol feasibility study waste to energy Germany,Capsol
Capsol feasibility study waste to energy Germany,unknown company
Climeworks Enova DAC+S plant,Climeworks
Climeworks Enova DAC+S plant,Enova
Rana ferrosilicon smelter capture,Elkem
Rana ferroglobe,Ferroglobe
Sindal Biogas Hjørring Municipality,Copenhagen Infrastructure Partners
Sindal Biogas Hjørring Municipality,KK Invest
Sindal Biogas Hjørring Municipality,Danish Bio Commodities
Project Tellus - CS020 (Area 1),Eni
Broceni cement plant CCS,Schwenk's Building Material Group
Broceni cement plant CCS,Capsol
CO2 Highway Europe (formerly known as Eluxys Equinor Belgium-Norway Trunk Line),Equinor
CO2 Highway Europe (formerly known as Eluxys Equinor Belgium-Norway Trunk Line),GRT Gaz
CO2 Highway Europe (formerly known as Eluxys Equinor Belgium-Norway Trunk Line),Fluxys
Couldron cement plant,Holcim Group
Couldron cement plant,Petrofac
Couldron cement plant,Capsol
Kemi mill Rauma,Metsa Group
Kemi mill Rauma,ANDRITZ
Mustasaari waste-to-energy plant,ANDRITZ
Mustasaari waste-to-energy plant,Westenergy Ltd
Mustasaari waste-to-energy plant,CPC Finland Oy and funds managed by Prime Capital AG
Milford Haven CO2 Project,RWE
Milford Haven CO2 Project,Dragon
Kredsløb Energipark Lisbjerg,Kredsløb
Carbon Iceland Nordural plant,Carbon Iceland
Eramet Manganese Porsgrunn phase 2,Eramet
TarraCO2,Repsol
TarraCO2,Carbonvert
TarraCO2,MEPUSA
TarraCO2,POSCO
CarboClearTech (Martres-Tolosane cement plant),Holcim Group
Marcegaglia AdriatiCO2,0
Capsol feasibility study cement Germany,Capsol
Capsol feasibility study cement Germany,unknown company
Malarenergi waste to energy Vasteras,Malarenergi
Malarenergi waste to energy Vasteras,Babcock & Wilcox
HOFOR Amagerværket,Hofor
Connah's Quay Low Carbon Power Phase 1,Uniper
Connah's Quay Low Carbon Power Phase 1,Technip
BEA Alizay,Biomasse Energy d'Alizay
BEA Alizay,Verso Energy
Papetier Sylvamo Saillat sur Vienne,Sylvamo
Papetier Sylvamo Saillat sur Vienne,Verso Energy
Usine RYAM Tartas,RYAM
Usine RYAM Tartas,Verso Energy
Antwerp - ARCaDe,Fluxys
Antwerp - ARCaDe,Air Liquide
Antwerp - ARCaDe,TotalEnergies
Eramet Sauda,Eramet
Stakraft Varme Heimdal (Trondheim),Statkraft
Stakraft Varme Heimdal (Trondheim),Aker
Returkraft Kristiansand,Returkraft
Iroko carbon storage ,Vår Energi
Iroko carbon storage ,OMV  AS  and Lime Petroleum AS .
Kinno carbon storage ,Equinor
Albondigas carbon storage ,Equinor
Atlas carbon storage ,Aker BP   PGNiG Upstream Norway AS
Grand Ouest CO2 (GOCO₂) transport,Grand Ouest
Grand Ouest CO2 (GOCO₂) transport,GRT Gaz
Grand Ouest CO2 (GOCO₂) transport,Heidelberg Materials
Grand Ouest CO2 (GOCO₂) transport,Elengy
Grand Ouest CO2 (GOCO₂) transport,Holcim Group
Grand Ouest CO2 (GOCO₂) transport,Lhoist
Grand Ouest CO2 (GOCO₂) transport,TotalEnergies
Neau Lime plant,Lhoist
Saint-Pierre-la-Cour cement plant,Holcim Group
Fjord-Projekt CIP ( Carbon Captured from  Nordværk Incineration Plant),CIPNordværk
Fjord-Projekt CIP ( Carbon Captured from  Nordværk Incineration Plant),Aalborg Forsyning
Fjord-Projekt CIP ( Carbon Captured from  Nordværk Incineration Plant),Copenhagen Infrastructure Partners
European Energy/Padborg PtX ApS,European Energy
Orlen Lietuva,ORLEN
European Energy/Brønderslev PtX (Biogas or waste incineration plants in Northern Jutland),European Energy
Waste to hydrogen Boson Energy (H2-BEAM),Boson Energy SA
Waste to hydrogen Boson Energy (BEH2X DE),Boson Energy SA
Waste to hydrogen Boson Energy (BEH2X LUX),Boson Energy SA
Grandpuits DAChub,RepAir
Grandpuits DAChub,C-Questra
Koping - Waste-to-Hydrogen,Plagazi
Koping - Waste-to-Hydrogen,Petrofac
Airvault cement plant,Heidelberg Materials
Connah's Quay Low Carbon Power Phase 2,Uniper
Connah's Quay Low Carbon Power Phase 2,Technip
SOMZERO CO2,CEMEX
Olea Phase 2,EnEarth
Olea Phase 2,RepAir
Olea Phase 3,EnEarth
Olea Phase 3,RepAir
Baltic Sea Storage,ORLEN
H2M Eemshaven,Equinor
H2M Eemshaven,Linde
Killingholme Low Carbon Power project,Uniper
EXL012,Harbour Energy
EXL012,Equinor
EXL013 ,Aker
EXL013 ,Equinor
Oak CCS (RepAir Carbon- C-Questra) Phase 2,RepAir
Oak CCS (RepAir Carbon- C-Questra) Phase 2,C-Questra
GLOBE ( Lhoist Marche-les-Dames CCS),Lhoist
Lynemouth Power Station (BECCS),EP UK Investments
NL CCS Direct Injection Phase 2,Eni
NL CCS Direct Injection Phase 2,EBN
NL CCS Direct Injection Phase 2,OneDyas
